,my_strain,pq,replicate,condition,timecourse_name,af_label,media_num,org_file,id_num,phase,machine_gr,final_od,final_glucose,range_start,range_end,phase_gr,gr_constant,gr_r2,glucose_slope,glucose_rate,glucose_r2,acetate_slope,acetate_rate,acetate_r2,formate_slope,formate_rate,formate_r2,ethanol_slope,ethanol_rate,ethanol_r2,lactate_slope,lactate_rate,lactate_r2,succinate_slope,succinate_rate,succinate_r2,pyruvate_slope,pyruvate_rate,pyruvate_r2,evolved,is_preferred_phase,acetate_rate_per_glc,formate_rate_per_glc,ethanol_rate_per_glc,lactate_rate_per_glc,succinate_rate_per_glc,pyruvate_rate_per_glc,biomass_yield,glucose_uptake,biomass_gg
0_0__0pq__rep1,0_0,0,1,0_0__0pq,0_0__0pq__rep1,A1.F2,1966,ROS_HPLC_Plate_4.xlsx,ID # 1,1,1.10565367282083,0.191,27.53,0,2,1.0964646376565037,0.01773214188190673,0.9999677718785223,-16.880037932669506,-18.508364675472507,1.0000000000000004,11.66429587482219,12.789487949905164,1,0,0,,,,,,,,0,0,,0,0,,False,True,-0.6910112359550564,-0.0,,,-0.0,-0.0,64.95628991060582,18.508364675472507,0.3605557955916307
0_0__0pq__rep2,0_0,0,2,0_0__0pq,0_0__0pq__rep2,A2.F2,1966,ROS_HPLC_Plate_4.xlsx,ID # 2,1,1.075040569220449,0.191,27.53,0,2,1.1130110370377548,0.01806849139670514,0.9994656676896391,-12.192643771591127,-13.570547088450564,1,12.406549802671686,13.808626861932165,1,0,0,,,,,,,,0,0,,0,0,,False,True,-1.0175438596491237,-0.0,,,-0.0,-0.0,91.28545522104663,13.570547088450564,0.5067022759222376
0_0__125pq__rep1,0_0,125,1,0_0__125pq,0_0__125pq__rep1,A1.F5,1967,ROS_HPLC_Plate_7.xlsx,ID # 1,1,0.4810718054462991,0.438,17.13,2,4,0.4810718054474743,0.02048668389348291,0.9990139655612339,-22.000479078414926,-10.583810190962454,0.8767869519410634,5.228655597676124,2.515358788437096,0.8655338899410495,0,0,,,,,,,,0,0,,-0.0062607269493219165,0,0.021786390674597856,False,True,-0.23766098815575587,-0.0,,,-0.0,-0.0,21.86642407798577,10.583810190962454,0.12137494215005755
0_0__125pq__rep2,0_0,125,2,0_0__125pq,0_0__125pq__rep2,A2.F5,1967,ROS_HPLC_Plate_7.xlsx,ID # 2,1,0.3963845538269095,0.438,17.13,2,3,0.44709921184218315,0.022771597205848013,1,-19.88562138938078,-8.890845650184206,1.0000000000000004,5.515719801434085,2.4660739759635026,1,0,0,,,,,,,,0,0,,0.9192866335723476,0.41101232932725046,1,False,True,-0.2773722627737227,-0.0,,,-0.0,-0.04622871046228711,22.4835424092375,8.890845650184206,0.12480040858610038
1_0__0pq__rep1,1_0,0,1,1_0__0pq,1_0__0pq__rep1,A19.F2,1966,ROS_HPLC_Plate_1.xlsx,ID # 3,1,0.8264626436070843,0.224,29.5,0,2,0.8973703036777131,0.01495654767918125,0.9979230849464025,-11.824869751895909,-10.611286960208236,1,0,0,,0,0,,,,,,,,0,0,,0,0,,True,True,-0.0,-0.0,,,-0.0,-0.0,75.88838799123648,10.611286960208236,0.42123708336795046
1_0__0pq__rep2,1_0,0,2,1_0__0pq,1_0__0pq__rep2,A20.F2,1966,ROS_HPLC_Plate_1.xlsx,ID # 4,1,0.8626921797117729,0.273,31.03,0,2,0.8991500348662954,0.018435277299216794,0.9994522798624015,-10.058931111562684,-9.04448825967925,1.0000000000000004,6.265664160401001,5.633772148285058,1,0,0,,,,,,,,0,0,,0,0,,True,True,-0.6228956228956232,-0.0,,,-0.0,-0.0,89.38822871872813,9.04448825967925,0.49617125557143876
1_0__250pq__rep1,1_0,250,1,1_0__250pq,1_0__250pq__rep1,A19.F6,1968,ROS_HPLC_Plate_2.xlsx,ID # 3,1,0.6936539063055266,0.171,29.07,0,2,0.8419536972050267,0.02118135544184213,0.9884458571533806,-28.72660767397607,-24.186473539262444,0.9999999999999998,10.807116070273961,9.099091331491021,1,0,0,,,,,,,,0,0,,0,0,,True,True,-0.37620578778135066,-0.0,,,-0.0,-0.0,29.309193301225296,24.186473539262444,0.1626878555320128
1_0__250pq__rep2,1_0,250,2,1_0__250pq,1_0__250pq__rep2,A20.F6,1968,ROS_HPLC_Plate_2.xlsx,ID # 4,1,0.7250708034269869,0.213,31.36,0,2,0.8468014699808992,0.021421191001019843,0.9924248457352515,-14.22475106685635,-12.045540113526322,1,11.026568780012793,9.337314651760323,1.0000000000000004,0,0,,,,,,,,0,0,,0,0,,True,True,-0.7751677852348983,-0.0,,,-0.0,-0.0,59.53014333965714,12.045540113526322,0.33043664013220286
1_0__750pq__rep1,1_0,750,1,1_0__750pq,1_0__750pq__rep1,A19.F11,1969,ROS_HPLC_Plate_3.xlsx,ID # 2,1,0.604920641098006,0.093,30.03,0,4,0.6456457565409848,0.01456089170049003,0.9993666069729551,-29.948632535434648,-19.336207510708654,0.9415842402922384,10.192957636576423,6.581039844657593,0.8445589374281413,0,0,,,,,,,,0,0,,2.5430301747800255,1.6418966411024023,0.9927493337187746,True,True,-0.34034801503929474,-0.0,,,-0.0,-0.08491306478755452,21.558438629111667,19.336207510708654,0.11966539348737575
1_0__750pq__rep2,1_0,750,2,1_0__750pq,1_0__750pq__rep2,A20.F11,1969,ROS_HPLC_Plate_3.xlsx,ID # 3,1,0.7025506229225318,0.093,30.03,0,2,0.7678252876060612,0.020258773792125016,0.999873964246819,-32.15809794757162,-24.691800805458065,1.0000000000000009,7.6712050396260905,5.890145215835969,1.0000000000000004,0,0,,,,,,,,0,0,,1.9305019305019302,1.4822882000117008,1.0000000000000004,True,True,-0.23854660347551346,-0.0,,,-0.0,-0.06003159557661928,23.87657655803746,24.691800805458065,0.13253278579696184
1_1__0pq__rep1,1_1,0,1,1_1__0pq,1_1__0pq__rep1,A23.F2,1966,ROS_HPLC_Plate_1.xlsx,ID # 5,1,0.6643454286044317,0.292,27.5,0,3,0.6673529487337246,0.013646998279222647,0.9998466213899969,-19.60713090680402,-13.084876626863812,0.9494538453396171,5.644033992876234,3.7665627278993323,0.93745942436702,0,0,,,,,,,,0,0,,0,0,,True,True,-0.287856189653819,-0.0,,,-0.0,-0.0,34.03623670927506,13.084876626863812,0.18892646766843768
1_1__0pq__rep2,1_1,0,2,1_1__0pq,1_1__0pq__rep2,A24.F2,1966,ROS_HPLC_Plate_1.xlsx,ID # 6,1,0.6527458561719967,0.292,27.5,0,3,0.664291257151966,0.016507348338371683,0.9986947067250214,-22.52749201753443,-14.964815992808827,0.9991601495907781,5.244188132743093,3.4836683274413307,0.921666064329599,4.30958034670967,2.8628165463131725,0.9216660643295989,,,,,,,0,0,,0,0,,True,True,-0.23279058887963394,-0.191303157198115,,,-0.0,-0.0,29.4880254151199,14.964815992808827,0.1636805069779519
1_1__250pq__rep1,1_1,250,1,1_1__250pq,1_1__250pq__rep1,A23.F6,1968,ROS_HPLC_Plate_2.xlsx,ID # 5,1,0.66778621183196,0.248,27.81,0,3,0.6796590815975371,0.015544375474571631,0.999783502993942,-8.539707057847064,-5.804089456048341,0.9846596494934731,6.758008801953614,4.593142055763865,0.9965281350089165,0,0,,,,,,,,0,0,,0,0,,True,True,-0.7913630709081217,-0.0,,,-0.0,-0.0,79.58810261213868,5.804089456048341,0.4417732554682535
1_1__250pq__rep2,1_1,250,2,1_1__250pq,1_1__250pq__rep2,A24.F6,1968,ROS_HPLC_Plate_2.xlsx,ID # 6,1,0.1998694134871109,0.248,27.81,0,3,0.7002406171468997,0.0168947383633856,0.9983320016266758,-13.81706692875944,-9.675271473354528,0.9984957920874886,8.099951738795014,5.671915204433923,0.9997357562536157,0,0,,,,,,,,0,0,,0,0,,True,True,-0.5862280164493829,-0.0,,,-0.0,-0.0,50.679396774824085,9.675271473354528,0.2813084036880486
1_1__750pq__rep1,1_1,750,1,1_1__750pq,1_1__750pq__rep1,A23.F12,1969,ROS_HPLC_Plate_3.xlsx,ID # 4,1,0.6071850896547404,0.291,29.72,0,3,0.6162386935394936,0.017909716345198206,0.9998554957752683,-12.431163376794524,-7.660563878491857,0.6748511006030181,8.657857100230851,5.335306548297888,0.9352386173466442,0,0,,,,,,,,0,0,,0.7982901732654961,0.49193729343854525,0.964533220084221,True,True,-0.696463946117274,-0.0,,,-0.0,-0.06421685155837294,49.57208548073926,7.660563878491857,0.2751620011586584
1_1__750pq__rep2,1_1,750,2,1_1__750pq,1_1__750pq__rep2,A24.F12,1969,ROS_HPLC_Plate_3.xlsx,ID # 5,1,0.6411293751331447,0.256,28.71,0,3,0.6443402612484653,0.013491899642818793,0.9999626235201646,-15.246520364402903,-9.823946914729413,0.9947002699510233,7.894426598565441,5.086696896926489,0.9439372631277858,0,0,,,,,,,,0,0,,0.4370534675750914,0.28161114547688204,0.641365877817195,True,True,-0.5177854625109806,-0.0,,,-0.0,-0.02866578452848232,42.26146332725536,9.823946914729413,0.23458260245151624
1_2__0pq__rep1,1_2,0,1,1_2__0pq,1_2__0pq__rep1,A15.F2,1966,ROS_HPLC_Plate_4.xlsx,ID # 15,1,0.7111936893310111,0.313,19.98,0,2,0.8433383296864048,0.018408988649704427,0.9999664867954537,-13.124899180243721,-11.068730551969203,0.9999999999999998,0,0,,0,0,,,,,,,,0,0,,0,0,,True,True,-0.0,-0.0,,,-0.0,-0.0,64.25484250239738,11.068730551969203,0.3566622399609082
1_2__0pq__rep2,1_2,0,2,1_2__0pq,1_2__0pq__rep2,A16.F2,1966,ROS_HPLC_Plate_4.xlsx,ID # 16,1,0.7547333265820778,0.123,25.45,0,2,0.8369647538386789,0.017418539401667637,0.999724632695126,-13.97372604802947,-11.69551618199812,1,13.220650991548824,11.065218902728747,0.9999999999999998,0,0,,,,,,,,0,0,,0,0,,True,True,-0.9461077844311366,-0.0,,,-0.0,-0.0,59.89560343189245,11.69551618199812,0.33246521587897404
1_2__250pq__rep1,1_2,250,1,1_2__250pq,1_2__250pq__rep1,A15.F6,1968,ROS_HPLC_Plate_5.xlsx,ID # 13,1,0.7588596829848501,0.294,19.89,0,3,0.7818666510627605,0.017574039014466653,0.9989613713352133,-12.928041115606973,-10.1080042118613,0.9081578864055829,10.813122606700333,8.454419960031817,0.9873394158287606,0,0,,,,,,,,0,0,,0,0,,True,True,-0.8364084326469637,-0.0,,,-0.0,-0.0,60.47835430526876,10.1080042118613,0.33569991732314636
1_2__250pq__rep2,1_2,250,2,1_2__250pq,1_2__250pq__rep2,A16.F6,1968,ROS_HPLC_Plate_5.xlsx,ID # 14,1,0.762086526508109,0.294,19.89,0,3,0.7920151577114666,0.01768911709097002,0.9990930989147003,-11.896989592371492,-9.422596088293783,0.9163260214179447,9.939500281100676,7.872234882709118,0.8825151596680397,0,0,,,,,,,,0,0,,0,0,,True,True,-0.8354634761951893,-0.0,,,-0.0,-0.0,66.57273687280666,9.422596088293783,0.36952828033929846
1_2__750pq__rep1,1_2,750,1,1_2__750pq,1_2__750pq__rep1,A15.F8,1969,ROS_HPLC_Plate_6.xlsx,ID # 11,1,0.7476493027087107,0.123,25.56,0,3,0.751571277398367,0.013808621791443876,0.9994432558081875,-30.549784410993603,-22.96034049401518,0.6564521944160842,0,0,,0,0,,,,,,,,0,0,,1.0279637348522173,0.7725880173220772,0.9993448837124723,True,True,-0.0,-0.0,,,-0.0,-0.03364880488263922,24.601524753408984,22.96034049401518,0.13655678830241005
1_2__750pq__rep2,1_2,750,2,1_2__750pq,1_2__750pq__rep2,A16.F8,1969,ROS_HPLC_Plate_6.xlsx,ID # 12,1,0.7293826106248464,0.242,22.05,0,3,0.7566275343669436,0.015568895401225793,0.9990467402709603,-38.595075910121615,-29.20209712458034,0.9849370190341579,7.588333262903138,5.741541886665066,0.9380646257540147,0,0,,,,,,,,0,0,,0.9145518707918376,0.6919751270479038,0.9779643238992385,True,True,-0.19661402611500206,-0.0,,,-0.0,-0.02369607648710428,19.604250452284173,29.20209712458034,0.10881819341173302
1_3__0pq__rep1,1_3,0,1,1_3__0pq,1_3__0pq__rep1,A25.F2,1966,ROS_HPLC_Plate_1.xlsx,ID # 7,1,0.7209458483361022,0.292,27.5,0,2,0.7893322540226447,0.019401654167256345,0.9975041796166353,-23.10224169617178,-18.2353445110152,0.9999999999999998,8.514084580162178,6.720441572598855,0.9999999999999996,0,0,,,,,,,,0,0,,0,0,,True,True,-0.36853932584269633,-0.0,,,-0.0,-0.0,34.16691178299997,18.2353445110152,0.18965181166877576
1_3__0pq__rep2,1_3,0,2,1_3__0pq,1_3__0pq__rep2,A26.F2,1966,ROS_HPLC_Plate_1.xlsx,ID # 8,1,0.6681643863426374,0.424,21.66,0,3,0.7311093889687194,0.015567437083463106,0.9943856571233451,-25.040606280860725,-18.30742235740636,0.8889923390706772,13.312123624711953,9.732618569139209,0.9273603365198129,23.869321363343026,17.45108495705172,0.9273603365198126,,,,,,,0,0,,0,0,,True,True,-0.5316214581787823,-0.9532245783356713,,,-0.0,-0.0,29.196952372815662,18.30742235740636,0.16206483476995304
1_3__250pq__rep1,1_3,250,1,1_3__250pq,1_3__250pq__rep1,A25.F6,1968,ROS_HPLC_Plate_2.xlsx,ID # 7,1,0.6776025991160727,0.248,27.81,0,2,0.8337379592715034,0.017024664790946793,0.9971924568379036,-32.66168570205359,-27.2312871835974,1,7.595740860942701,6.3328574845575405,1,0,0,,,,,,,,0,0,,0,0,,True,True,-0.23255813953488394,-0.0,,,-0.0,-0.0,25.52648282997477,27.2312871835974,0.14169099463784038
1_3__250pq__rep2,1_3,250,2,1_3__250pq,1_3__250pq__rep2,A26.F6,1968,ROS_HPLC_Plate_2.xlsx,ID # 8,1,0.6757516978747452,0.148,30.24,0,2,0.8328302202576834,0.01640798598330461,0.9996604322630768,-14.563435616067206,-12.128869291837843,1,0,0,,0,0,,,,,,,,0,0,,0,0,,True,True,-0.0,-0.0,,,-0.0,-0.0,57.18638391471708,12.128869291837843,0.3174270294340298
1_3__750pq__rep1,1_3,750,1,1_3__750pq,1_3__750pq__rep1,A25.F11,1969,ROS_HPLC_Plate_3.xlsx,ID # 6,1,0.6284579733609754,0.256,28.71,2,3,0.6507622424209443,0.015109049293863176,1.0000000000000004,-27.838843628317296,-18.11646830596978,1,9.267640846588217,6.0310307392776865,1.0000000000000004,0,0,,,,,,,,0,0,,4.526057157636106,2.9453871052286376,1.0000000000000004,True,True,-0.33290322580645193,-0.0,,,-0.0,-0.16258064516129048,23.376051502333155,18.11646830596978,0.12975449889170027
1_3__750pq__rep2,1_3,750,2,1_3__750pq,1_3__750pq__rep2,A26.F11,1969,ROS_HPLC_Plate_3.xlsx,ID # 7,1,0.6458618613712755,0.256,28.71,2,3,0.6614275838672701,0.015609448234331774,1.0000000000000004,-17.06317616505931,-11.286055383956771,0.9999999999999998,8.123768384511987,5.3732844944650795,1.0000000000000004,0,0,,,,,,,,0,0,,4.306576011066595,2.848488165740524,1,True,True,-0.47609942638623337,-0.0,,,-0.0,-0.2523900573613767,38.76345045430005,11.286055383956771,0.2151660253019608
1_4__0pq__rep1,1_4,0,1,1_4__0pq,1_4__0pq__rep1,A7.F2,1966,ROS_HPLC_Plate_4.xlsx,ID # 7,1,0.7761898776134083,0.217,24.33,0,2,0.8448368123954404,0.02047298454543898,0.9989498506466131,-16.14509246088193,-13.639968450481145,1,11.522048364153628,9.73425061223765,1.0000000000000004,0,0,,,,,,,,0,0,,0,0,,True,True,-0.7136563876651986,-0.0,,,-0.0,-0.0,52.327777895506145,13.639968450481145,0.29045814680336013
1_4__0pq__rep2,1_4,0,2,1_4__0pq,1_4__0pq__rep2,A8.F2,1966,ROS_HPLC_Plate_4.xlsx,ID # 8,1,0.7387973636063365,0.236,21.69,0,2,0.8433574018637241,0.01981066331602082,0.9971036201850871,-23.13892840208629,-19.514386539094225,0.9999999999999996,11.28496917970602,9.51726228750907,0.9999999999999996,0,0,,,,,,,,0,0,,0,0,,True,True,-0.4877049180327869,-0.0,,,-0.0,-0.0,36.447556568249894,19.514386539094225,0.2023110891019444
1_4__250pq__rep1,1_4,250,1,1_4__250pq,1_4__250pq__rep1,A7.F6,1968,ROS_HPLC_Plate_5.xlsx,ID # 5,1,0.7679619881951831,0.147,23.15,0,2,0.8343949649165879,0.02067334236055632,0.997759143486232,-29.755856823526006,-24.828137110328996,1,11.684616947774844,9.74958554820236,1,0,0,,,,,,,,0,0,,0,0,,True,True,-0.3926829268292682,-0.0,,,-0.0,-0.0,28.041369128274823,24.828137110328996,0.15565048695727493
1_4__250pq__rep2,1_4,250,2,1_4__250pq,1_4__250pq__rep2,A8.F6,1968,ROS_HPLC_Plate_5.xlsx,ID # 6,1,0.7793405669156676,0.147,23.15,0,2,0.8118349736758745,0.020259271807697127,0.9994584501777911,-38.09617239744281,-30.92780511542956,1,8.50215006294861,6.90234277254222,1,0,0,,,,,,,,0,0,,0,0,,True,True,-0.2231759656652361,-0.0,,,-0.0,-0.0,21.310145418450716,30.92780511542956,0.11828718121212013
1_4__750pq__rep1,1_4,750,1,1_4__750pq,1_4__750pq__rep1,A7.F8,1969,ROS_HPLC_Plate_6.xlsx,ID # 5,1,0.7375364292354777,0.315,21.26,0,3,0.7592445633477457,0.019579329822772922,0.9986319508045743,-13.337405080031635,-10.126352296180624,0.9932513169210739,7.93232300142922,6.022573113553407,0.9497653426651184,0,0,,,,,,,,0,0,,1.1293758706417376,0.8574724897608662,0.9993082939056666,True,True,-0.5947426020152343,-0.0,,,-0.0,-0.08467733144977395,56.92595814492161,10.126352296180624,0.3159814724179134
1_4__750pq__rep2,1_4,750,2,1_4__750pq,1_4__750pq__rep2,A8.F8,1969,ROS_HPLC_Plate_6.xlsx,ID # 6,1,0.7369814886375567,0.315,21.26,0,3,0.7730935395044145,0.018269931821316903,0.9978020820225745,-18.328439723130955,-14.16959833914862,0.9691166076865121,8.20943172489282,6.346658629517221,0.9475736568457539,0,0,,,,,,,,0,0,,1.010770873034852,0.7814204318624808,0.9957001513722222,True,True,-0.4479067421397747,-0.0,,,-0.0,-0.05514767696015245,42.17999738017802,14.16959833914862,0.23413040576044106
2_0__0pq__rep1,2_0,0,1,2_0__0pq,2_0__0pq__rep1,A17.F2,1966,ROS_HPLC_Plate_1.xlsx,ID # 1,1,0.5766389292873283,0.224,29.5,0,2,0.8714045980095496,0.016784126516423803,0.9943699312564742,-19.31756317721229,-16.833413374962753,1,6.146497374567549,5.356086073851787,1.0000000000000004,0,0,,,,,,,,0,0,,0,0,,True,True,-0.31818181818181834,-0.0,,,-0.0,-0.0,45.10944729496165,16.833413374962753,0.2503910349639293
2_0__0pq__rep2,2_0,0,2,2_0__0pq,2_0__0pq__rep2,A18.F2,1966,ROS_HPLC_Plate_1.xlsx,ID # 2,1,0.8180068061672,0.224,29.5,0,2,0.8895424285151564,0.017432604574201115,0.997849395742466,-23.269837343063884,-20.699507621301724,1.0000000000000004,0,0,,0,0,,,,,,,,0,0,,0,0,,True,True,-0.0,-0.0,,,-0.0,-0.0,38.227273160562305,20.699507621301724,0.21218984191790616
2_0__250pq__rep1,2_0,250,1,2_0__250pq,2_0__250pq__rep1,A17.F6,1968,ROS_HPLC_Plate_2.xlsx,ID # 1,1,0.7887389579141623,0.171,29.07,0,2,0.8526243270541576,0.018167778396931147,0.9981316475022753,-30.52394499762919,-26.025458062641707,0.9999999999999998,7.8236130867709806,6.670602843240208,1,0,0,,,,,,,,0,0,,0,0,,True,True,-0.2563106796116506,-0.0,,,-0.0,-0.0,27.932966303024767,26.025458062641707,0.15504877052679214
2_0__250pq__rep2,2_0,250,2,2_0__250pq,2_0__250pq__rep2,A18.F6,1968,ROS_HPLC_Plate_2.xlsx,ID # 2,1,0.7412717524235988,0.171,29.07,0,2,0.8287196424287284,0.012466606496056397,0.9999301570338434,-34.13940256045522,-28.29199348263086,1,0,0,,0,0,,,,,,,,0,0,,0,0,,True,True,-0.0,-0.0,,,-0.0,-0.0,24.274579526141487,28.29199348263086,0.134741998746317
2_0__750pq__rep1,2_0,750,1,2_0__750pq,2_0__750pq__rep1,A18.F9,1969,ROS_HPLC_Plate_3.xlsx,ID # 1,1,0.6496772891622412,0.093,30.03,0,2,0.5897114803290623,0.01743535755737306,0.9996069980846258,-54.05405405405408,-31.87629623400338,1,0,0,,0,0,,,,,,,,0,0,,15.528686581318162,9.157444751435179,1.0000000000000004,True,True,-0.0,-0.0,,,-0.0,-0.28728070175438586,10.909662386087648,31.87629623400338,0.060556752959033545
2_1__0pq__rep1,2_1,0,1,2_1__0pq,2_1__0pq__rep1,A28.F2,1966,ROS_HPLC_Plate_1.xlsx,ID # 10,1,0.6930181142283008,0.427,20.7,0,2,0.8040907250139677,0.014218919160149382,0.998660057714714,-20.22785702167644,-16.265032218038684,1,0,0,,0,0,,,,,,,,0,0,,0,0,,True,True,-0.0,-0.0,,,-0.0,-0.0,39.75165160364212,16.265032218038684,0.22065127780169472
2_1__0pq__rep2,2_1,0,2,2_1__0pq,2_1__0pq__rep2,A27.F2,1966,ROS_HPLC_Plate_1.xlsx,ID # 9,1,0.6519830611002989,0.427,20.7,0,3,0.7132953852871391,0.017307319272770613,0.9941696959408104,-24.171267788363114,-17.24125376997908,0.9995563054171303,12.625624022922214,9.00579935192086,0.9895987814366535,12.968063535819578,9.250059876210525,0.9243756321481362,,,,,,,0,0,,0,0,,True,True,-0.522340165748386,-0.5365073793135027,,,-0.0,-0.0,29.510052659734473,17.24125376997908,0.16380277459387682
2_1__250pq__rep1,2_1,250,1,2_1__250pq,2_1__250pq__rep1,A28.F6,1968,ROS_HPLC_Plate_2.xlsx,ID # 10,1,0.7175083563657902,0.324,23.7,0,3,0.7605586949500901,0.013082554625445537,0.9977537409231099,-16.138488807781854,-12.274267986113202,0.9924046628456723,10.781831717957974,8.200215860581604,0.9995502027901799,0,0,,,,,,,,0,0,,0,0,,True,True,-0.668081866051737,-0.0,,,-0.0,-0.0,47.12700823532836,12.274267986113202,0.26159000108421787
2_1__250pq__rep2,2_1,250,2,2_1__250pq,2_1__250pq__rep2,A27.F6,1968,ROS_HPLC_Plate_2.xlsx,ID # 9,1,0.6663404630397046,0.324,23.7,0,3,0.719557470480932,0.01779134295898047,0.9962211659751375,-17.534811452422428,-12.617304574065159,0.9998387817627998,10.38770697581909,7.474552155617515,0.9999316814719751,0,0,,,,,,,,0,0,,0,0,,True,True,-0.5924048287604502,-0.0,,,-0.0,-0.0,41.03593998905106,12.617304574065159,0.22778003501993305
2_2__0pq__rep1,2_2,0,1,2_2__0pq,2_2__0pq__rep1,A5.F2,1966,ROS_HPLC_Plate_4.xlsx,ID # 5,1,0.8119777669676221,0.217,24.33,0,2,0.8471663844965084,0.015426697370227158,0.9996805189218556,-18.501787705201647,-15.67409259693763,1,8.602129868132712,7.287435259355416,1,0,0,,,,,,,,0,0,,0,0,,True,True,-0.4649350649350648,-0.0,,,-0.0,-0.0,45.78835288756089,15.67409259693763,0.2541594667263976
2_2__0pq__rep2,2_2,0,2,2_2__0pq,2_2__0pq__rep2,A6.F2,1966,ROS_HPLC_Plate_4.xlsx,ID # 6,1,0.8512131947309921,0.217,24.33,0,2,0.8685451651685426,0.014391009403968327,0.9999400487217462,-19.379225470295832,-16.83173258693652,0.9999999999999996,5.753831892211549,4.997462871172908,1,0,0,,,,,,,,0,0,,0,0,,True,True,-0.2969072164948455,-0.0,,,-0.0,-0.0,44.81836317451566,16.83173258693652,0.24877530126399153
2_2__250pq__rep1,2_2,250,1,2_2__250pq,2_2__250pq__rep1,A5.F7,1968,ROS_HPLC_Plate_5.xlsx,ID # 3,1,0.8154853788753115,0.428,16.49,0,3,0.8564598970095205,0.013062868226809967,0.997452116101715,-25.6332254564922,-21.953829634489132,0.9943486180749118,7.0068752376398535,6.001107644387589,0.8246619781090585,0,0,,,,,,,,0,0,,0.0524859568362536,0.0449521171864239,0.8246619781090585,True,True,-0.27335128969753597,-0.0,,,-0.0,-0.0020475752037268616,33.41210018470783,21.953829634489132,0.1854620450315717
2_2__250pq__rep2,2_2,250,2,2_2__250pq,2_2__250pq__rep2,A6.F6,1968,ROS_HPLC_Plate_5.xlsx,ID # 4,1,0.7058804595266741,0.135,23.86,0,2,0.8390006848233533,0.01731145683959949,0.9970941757388766,-32.73222288502425,-27.462357416325982,1,8.641918658896584,7.250575673001949,0.9999999999999996,0,0,,,,,,,,0,0,,0,0,,True,True,-0.2640186915887849,-0.0,,,-0.0,-0.0,25.632255034142997,27.462357416325982,0.14227810916174313
2_2__750pq__rep1,2_2,750,1,2_2__750pq,2_2__750pq__rep1,A5.F9,1969,ROS_HPLC_Plate_6.xlsx,ID # 3,1,0.8110190142903554,0.398,14.13,0,3,0.7945665269379089,0.016832221072254742,0.9985847684150396,-23.483348285943446,-18.65908248843538,0.8732003132567219,9.45557146448746,7.513080578750999,0.9194181441367268,0,0,,,,,,,,0,0,,3.578752473965224,2.8435569240089973,0.9999977055178927,True,True,-0.4026500543854444,-0.0,,,-0.0,-0.1523953241415483,33.835316721573165,18.65908248843538,0.18781121206939078
2_2__750pq__rep2,2_2,750,2,2_2__750pq,2_2__750pq__rep2,A6.F8,1969,ROS_HPLC_Plate_6.xlsx,ID # 4,1,0.7197484526075041,0.3,21.06,0,3,0.7647706669098335,0.018418582390816444,0.9960732200537258,-15.953413914375925,-12.200702998785895,0.7953079260809631,8.211116175563717,6.279620793659985,0.9943361329488648,0,0,,,,,,,,0,0,,3.3866729579521486,2.5900281366585634,0.9888298226268841,True,True,-0.5146933577749476,-0.0,,,-0.0,-0.21228515577473692,47.93774367132066,12.200702998785895,0.26609018667888196
2_3__0pq__rep1,2_3,0,1,2_3__0pq,2_3__0pq__rep1,A3.F2,1966,ROS_HPLC_Plate_4.xlsx,ID # 3,1,0.8055746179778405,0.191,27.53,0,2,0.841346070072211,0.013551596546469277,0.9997018221566679,-25.867612385276402,-21.763614022503553,1,7.5508096416531885,6.35284401786827,0.9999999999999996,0,0,,,,,,,,0,0,,0,0,,True,True,-0.29190207156308856,-0.0,,,-0.0,-0.0,32.52507643693846,21.763614022503553,0.1805384024786211
2_3__0pq__rep2,2_3,0,2,2_3__0pq,2_3__0pq__rep2,A4.F2,1966,ROS_HPLC_Plate_4.xlsx,ID # 4,1,0.7494643804848627,0.19,23.9,0,2,0.8156947732387473,0.014344684172019447,0.9988495793409606,-24.950672234203644,-20.35213293023305,0.9999999999999998,8.603680080759874,7.0179768724941525,1,0,0,,,,,,,,0,0,,0,0,,True,True,-0.3448275862068964,-0.0,,,-0.0,-0.0,32.69229644724969,20.35213293023305,0.18146659809970075
2_3__250pq__rep1,2_3,250,1,2_3__250pq,2_3__250pq__rep1,A3.F6,1968,ROS_HPLC_Plate_5.xlsx,ID # 1,1,0.5939232766171679,0.428,16.49,0,3,0.711554251781765,0.02036511638705366,0.9801995138097805,-26.48663140210503,-18.846675189544246,0.9037821829335236,12.954946828610371,9.218147497504402,0.9543084922929989,5.661332425899907,4.028345158399053,0.9543084922929986,,,,,,,0,0,,0,0,,True,True,-0.4891126633634798,-0.21374301397383327,,,-0.0,-0.0,26.86465639889617,18.846675189544246,0.1491188547641831
2_3__250pq__rep2,2_3,250,2,2_3__250pq,2_3__250pq__rep2,A4.F6,1968,ROS_HPLC_Plate_5.xlsx,ID # 2,1,0.6581517850084251,0.428,16.49,0,2,0.7996507901662867,0.016963095561927145,0.9902224261554945,-31.330464375101275,-25.05343059382643,0.9999999999999998,12.514179736031831,10.006973714200788,1.0000000000000004,0,0,,,,,,,,0,0,,0,0,,True,True,-0.3994252873563219,-0.0,,,-0.0,-0.0,25.523106858313263,25.05343059382643,0.14167225548032406
2_3__750pq__rep1,2_3,750,1,2_3__750pq,2_3__750pq__rep1,A3.F8,1969,ROS_HPLC_Plate_6.xlsx,ID # 1,1,0.7898704917905598,0.398,14.13,0,4,0.7034080475077786,0.013299909205393467,0.9892082462467172,-29.716034298373856,-20.902497665493335,0.868123131829296,9.961381457080236,7.006915881205,0.9737977643429997,0,0,,,,,,,,0,0,,0.47341279125417585,0.33300236716130743,0.2779221801962072,True,True,-0.33521907254042144,-0.0,,,-0.0,-0.01593122374610001,23.670993257208316,20.902497665493335,0.1313916453363103
2_3__750pq__rep2,2_3,750,2,2_3__750pq,2_3__750pq__rep2,A4.F8,1969,ROS_HPLC_Plate_6.xlsx,ID # 2,1,0.7502962423190888,0.398,14.13,0,3,0.752550644401686,0.01618363530918127,0.9980102821291762,-26.792406614503072,-20.16264286281628,0.9224452573707672,10.073513022308576,7.580828716327094,0.902466757437933,0,0,,,,,,,,0,0,,1.8748822725579994,1.41094386239082,0.999044176686088,True,True,-0.37598388107679936,-0.0,,,-0.0,-0.06997812102265952,28.088206305226823,20.16264286281628,0.15591046817883847
3_1__0pq__rep1,3_1,0,1,3_1__0pq,3_1__0pq__rep1,A13.F2,1966,ROS_HPLC_Plate_4.xlsx,ID # 13,1,0.7106746635109001,0.313,19.98,2,3,0.7188031268058533,0.01632401473984044,1.0000000000000004,-25.45831616171016,-18.299517260249257,1.0000000000000004,18.744765424548994,13.473795998408066,1.0000000000000004,18.279469828904162,13.139340069369569,1.0000000000000004,,,,,,,0,0,,0,0,,True,True,-0.7362924281984333,-0.7180156657963446,,,-0.0,-0.0,28.234511750111277,18.299517260249257,0.15672257238233128
3_1__0pq__rep2,3_1,0,2,3_1__0pq,3_1__0pq__rep2,A14.F2,1966,ROS_HPLC_Plate_4.xlsx,ID # 14,1,0.6969671201365482,0.313,19.98,0,3,0.7099266520765753,0.017119086385965692,0.9997784075865108,-17.539321491009737,-12.45163178580727,0.986128102480814,13.751014852204197,9.76221193668059,0.8646415197472165,14.253048593462534,10.118619069841598,0.9515747593344833,,,,,,,0,0,,0,0,,True,True,-0.7840106505404248,-0.8126339779317191,,,-0.0,-0.0,40.47628937302209,12.45163178580727,0.2246735572116504
3_1__250pq__rep1,3_1,250,1,3_1__250pq,3_1__250pq__rep1,A13.F6,1968,ROS_HPLC_Plate_5.xlsx,ID # 11,1,0.6961527969501639,0.113,22.95,0,2,0.7341280676672017,0.01808620036575472,0.9983224012173451,-24.16493855935835,-17.7401596498784,1.0000000000000004,15.595811410649711,11.449322894602368,1,0,0,,,,,,,,0,0,,0,0,,True,True,-0.6453900709219856,-0.0,,,-0.0,-0.0,30.379885546321663,17.7401596498784,0.1686309950616225
3_1__250pq__rep2,3_1,250,2,3_1__250pq,3_1__250pq__rep2,A14.F6,1968,ROS_HPLC_Plate_5.xlsx,ID # 12,1,0.6897321762771322,0.271,19.21,0,3,0.7214187393695249,0.017938589200143597,0.9989226001968222,-18.399004968219327,-13.273386969826413,0.9854201447231093,9.329790346702623,6.730685590500169,0.9299388675462218,0,0,,,,,,,,0,0,,0.1769077570137259,0.12762457104953237,0.953473841051645,True,True,-0.5070812450356965,-0.0,,,-0.0,-0.009615071973690933,39.209660555863444,13.273386969826413,0.21764282375198962
3_1__750pq__rep1,3_1,750,1,3_1__750pq,3_1__750pq__rep1,A14.F8,1969,ROS_HPLC_Plate_6.xlsx,ID # 10,1,0.5635244195846314,0.123,25.56,3,4,0.5455239952684126,0.019709803453648984,0.9999999999999996,-22.78767687354945,-12.431224530944304,1,9.3583888597739,5.105225680059261,0.9999999999999998,0,0,,,,,,,,0,0,,2.3395972149434754,1.2763064200148158,1,True,True,-0.4106776180698151,-0.0,,,-0.0,-0.10266940451745381,23.939429995236754,12.431224530944304,0.13288166919356975
3_1__750pq__rep2,3_1,750,2,3_1__750pq,3_1__750pq__rep2,A13.F8,1969,ROS_HPLC_Plate_6.xlsx,ID # 9,1,0.5309811881274519,0.123,25.56,2,3,0.5255690982716366,0.02007083522225001,1.0000000000000004,-25.288446341077936,-13.290825940170997,0.9999999999999998,0,0,,0,0,,,,,,,,0,0,,2.145002145002145,1.1273468431395035,1,True,True,-0.0,-0.0,,,-0.0,-0.08482142857142852,20.782973029779015,13.290825940170997,0.1153609817590256
3_2__0pq__rep1,3_2,0,1,3_2__0pq,3_2__0pq__rep1,A11.F2,1966,ROS_HPLC_Plate_4.xlsx,ID # 11,1,0.7133553717250196,0.143,24.19,0,2,0.6946664007406501,0.01793985632609695,0.9999982328654675,-33.326559642349096,-23.150841235819254,1,10.668563300142248,7.4110924687836075,1,0,0,,,,,,,,0,0,,0,0,,True,True,-0.3201219512195124,-0.0,,,-0.0,-0.0,20.844227792955742,23.150841235819254,0.11570099132394003
3_2__0pq__rep2,3_2,0,2,3_2__0pq,3_2__0pq__rep2,A12.F2,1966,ROS_HPLC_Plate_4.xlsx,ID # 12,1,0.7283060966817723,0.108,24.55,0,2,0.7151678186844228,0.016700073559439182,0.9995623519191756,-16.69862081761396,-11.942316225171268,1,10.101634815593624,7.224364136214714,0.9999999999999998,0,0,,,,,,,,0,0,,0,0,,True,True,-0.604938271604938,-0.0,,,-0.0,-0.0,42.82795726040158,11.942316225171268,0.23772706576745478
3_2__250pq__rep1,3_2,250,1,3_2__250pq,3_2__250pq__rep1,A12.F6,1968,ROS_HPLC_Plate_5.xlsx,ID # 10,1,0.7837152827465045,0.113,22.95,0,2,0.7841573796214891,0.01252616847643248,0.9999855706598518,-27.00068489542174,-21.172786315579433,1,11.853959222380276,9.295369601961703,1.0000000000000004,0,0,,,,,,,,0,0,,0,0,,True,True,-0.43902439024390244,-0.0,,,-0.0,-0.0,29.042129214820452,21.172786315579433,0.16120545091376612
3_2__250pq__rep2,3_2,250,2,3_2__250pq,3_2__250pq__rep2,A11.F6,1968,ROS_HPLC_Plate_5.xlsx,ID # 9,1,0.7706144480255293,0.113,22.95,0,2,0.8260122387139219,0.012674748441632433,0.9974308980473484,-18.080858283775207,-14.935010228850318,0.9999999999999998,0,0,,0,0,,,,,,,,0,0,,0,0,,True,True,-0.0,-0.0,,,-0.0,-0.0,45.684348925799675,14.935010228850318,0.25358216726503513
3_2__750pq__rep1,3_2,750,1,3_2__750pq,3_2__750pq__rep1,A11.F8,1969,ROS_HPLC_Plate_6.xlsx,ID # 7,1,0.7307246628090552,0.315,21.26,0,3,0.7648305974500991,0.0184647755467295,0.9977129133878218,-21.16530949736087,-16.18787630808277,0.8762470186465777,9.933586131815325,7.597510616018334,0.9527914803374672,0,0,,,,,,,,0,0,,3.0276206485597235,2.3156169094901897,0.9960000652103441,True,True,-0.469333374645618,-0.0,,,-0.0,-0.14304636787556738,36.13604599287654,16.18787630808277,0.20058197336128988
3_2__750pq__rep2,3_2,750,2,3_2__750pq,3_2__750pq__rep2,A12.F8,1969,ROS_HPLC_Plate_6.xlsx,ID # 8,1,0.6384611309759226,0.208,23.03,0,3,0.7664884054744461,0.013626820384013897,0.9943949003547314,-31.28583007057031,-23.980226004735915,0.8796165999725208,0,0,,0,0,,,,,,,,0,0,,4.019384481747041,3.0808116024030223,0.9928080463004991,True,True,-0.0,-0.0,,,-0.0,-0.12847300112161517,24.499538728731377,23.980226004735915,0.13599068989504307
3_3__0pq__rep1,3_3,0,1,3_3__0pq,3_3__0pq__rep1,A29.F2,1966,ROS_HPLC_Plate_2.xlsx,ID # 11,1,0.7058232998120969,0.324,23.7,0,3,0.7508319833919778,0.01397525339927094,0.9969316816397786,-32.63194605843392,-24.50110878099397,0.9278688322483284,10.704685744633153,8.03742042923074,0.9040574094277867,0,0,,,,,,,,0,0,,0,0,,True,True,-0.3280431306629494,-0.0,,,-0.0,-0.0,23.009108376419398,24.50110878099397,0.12771769120328713
3_3__0pq__rep2,3_3,0,2,3_3__0pq,3_3__0pq__rep2,A30.F2,1966,ROS_HPLC_Plate_2.xlsx,ID # 13,1,0.6586638901544372,0.156,39.97,0,2,0.7654101893234644,0.016823025421454994,0.9979918617379905,-32.364571234682295,-24.772172596110924,1.0000000000000004,8.482649718767535,6.492706527206491,0.9999999999999998,0,0,,,,,,,,0,0,,0,0,,True,True,-0.2620967741935483,-0.0,,,-0.0,-0.0,23.649631684390766,24.772172596110924,0.13127307269472438
3_3__250pq__rep1,3_3,250,1,3_3__250pq,3_3__250pq__rep1,A29.F6,1968,ROS_HPLC_Plate_2.xlsx,ID # 12,1,0.51673054110909,0.226,30.4,0,3,0.6583259650109773,0.01694192995735796,0.984309881550763,-20.266443603790986,-13.341926042806248,0.8893199706440063,9.356656652206478,6.15973001984021,0.922628447611003,0,0,,,,,,,,0,0,,0,0,,True,True,-0.46168221889982947,-0.0,,,-0.0,-0.0,32.48354658968545,13.341926042806248,0.18030788089036975
3_3__250pq__rep2,3_3,250,2,3_3__250pq,3_3__250pq__rep2,A30.F6,1968,ROS_HPLC_Plate_2.xlsx,ID # 14,1,0.6049266872082298,0.156,39.97,0,2,0.7189149844970791,0.016196662931256975,0.9829533232874261,-25.475236001551774,-18.314528895115025,1.0000000000000004,12.672960041381092,9.110780871681591,1,0,0,,,,,,,,0,0,,0,0,,True,True,-0.4974619289340104,-0.0,,,-0.0,-0.0,28.220150127491962,18.314528895115025,0.15664285467867825
3_3__750pq__rep1,3_3,750,1,3_3__750pq,3_3__750pq__rep1,A29.F12,1969,ROS_HPLC_Plate_3.xlsx,ID # 8,1,0.5165093561865998,0.259,25.86,0,3,0.6155451860350801,0.016952897636310676,0.9953279783661142,-26.775931740307744,-16.481795884350337,0.6725993599674411,6.27021484295674,3.8596005619877274,0.918122270742358,0,0,,,,,,,,0,0,,0.17440490894869196,0.1073541021242538,0.8310979413599501,True,True,-0.2341735445014499,-0.0,,,-0.0,-0.006513495427169305,22.988749448761688,16.481795884350337,0.1276046839892187
3_3__750pq__rep2,3_3,750,2,3_3__750pq,3_3__750pq__rep2,A30.F11,1969,ROS_HPLC_Plate_3.xlsx,ID # 9,1,0.5515319484959437,0.267,27.93,2,3,0.555075704501546,0.022181752394485766,0.9999999999999998,-20.59534510293308,-11.431975692463045,1,12.130309191981777,6.733239920560863,1.0000000000000004,0,0,,,,,,,,0,0,,0.17453682290621259,0.09688114993612752,1,True,True,-0.5889830508474578,-0.0,,,-0.0,-0.008474576271186442,26.951512670816815,11.431975692463045,0.1496009717734453
3_4__0pq__rep1,3_4,0,1,3_4__0pq,3_4__0pq__rep1,A10.F2,1966,ROS_HPLC_Plate_4.xlsx,ID # 10,1,0.7474955172479648,0.143,24.19,0,2,0.7326146707291386,0.016543660393039204,0.9995825348183126,-34.447891137808696,-25.237030423238927,1,16.881180482956005,12.367400481039974,1,0,0,,,,,,,,0,0,,0,0,,True,True,-0.4900497512437812,-0.0,,,-0.0,-0.0,21.26733006088284,25.237030423238927,0.11804952408403184
3_4__0pq__rep2,3_4,0,2,3_4__0pq,3_4__0pq__rep2,A9.F2,1966,ROS_HPLC_Plate_4.xlsx,ID # 9,1,0.708125496994699,0.143,24.19,0,2,0.7149286362055858,0.018473154846720397,0.9997514956673724,-25.323183217920047,-18.104268842371756,1.0000000000000004,13.521329310802995,9.666785523858998,1.0000000000000004,0,0,,,,,,,,0,0,,0,0,,True,True,-0.5339506172839509,-0.0,,,-0.0,-0.0,28.232178792580225,18.104268842371756,0.15670962273019062
3_4__250pq__rep1,3_4,250,1,3_4__250pq,3_4__250pq__rep1,A9.F6,1968,ROS_HPLC_Plate_5.xlsx,ID # 7,1,0.7481828775861965,0.147,23.15,0,2,0.7959899357081374,0.013571245768243955,0.9986385871647762,-51.53117367615876,-41.01829562145047,0.9999999999999996,14.493142596419656,11.536395643532948,1.0000000000000004,0,0,,,,,,,,0,0,,0,0,,True,True,-0.2812500000000001,-0.0,,,-0.0,-0.0,15.446765111744533,41.01829562145047,0.08574105281947053
3_4__250pq__rep2,3_4,250,2,3_4__250pq,3_4__250pq__rep2,A10.F6,1968,ROS_HPLC_Plate_5.xlsx,ID # 8,1,0.7051170749208295,0.082,23.79,0,2,0.7424370130593949,0.016005218678377228,0.9914587478379453,-59.622892769589306,-44.26624241781448,1,0,0,,0,0,,,,,,,,0,0,,0,0,,True,True,-0.0,-0.0,,,-0.0,-0.0,12.452213882485006,44.26624241781448,0.06911906282602304
3_4__750pq__rep1,3_4,750,1,3_4__750pq,3_4__750pq__rep1,A9.F8,1969,ROS_HPLC_Plate_7.xlsx,ID # 3,1,0.5454131296865595,0.438,17.13,0,4,0.5596933780103407,0.014771145397243734,0.9983383342935837,-36.80243063483602,-20.59807672100262,0.928862771851793,0,0,,0,0,,,,,,,,0,0,,7.793722560104066,4.362094906940046,0.9904968548620952,True,True,-0.0,-0.0,,,-0.0,-0.21177195162557483,15.208054695185066,20.59807672100262,0.08441603218979699
3_4__750pq__rep2,3_4,750,2,3_4__750pq,3_4__750pq__rep2,A10.F8,1969,ROS_HPLC_Plate_7.xlsx,ID # 4,1,0.4217716761939043,0.102,28.68,0,3,0.53470239833806,0.01574391927345372,0.9662927761431097,-34.51325819746873,-18.45432193264724,0.9987167093849268,0,0,,0,0,,,,,,,,0,0,,10.592576382050064,5.663875996061259,0.9967439207543768,True,True,-0.0,-0.0,,,-0.0,-0.3069132540730954,15.492666478451348,18.45432193264724,0.0859958395970789
